effect,frames,changed_rows,changed_cells,full_row_cells,span_cells,same_length_cells,same_length_rows
binarypath,2003,92519,4908507,18503800,16135948,1217640,1776
rings,1580,68711,1508494,13742200,9059210,404344,534
bouncyballs,9169,224477,799888,44895400,18203760,75539,3355
burn,3178,138766,479094,27753200,1788788,327855,50373
laseretch,14490,462939,1000577,92587800,3020362,293727,91452
pour,7252,173418,451760,34683600,2627392,65230,3553
waves,635,28760,1305600,5752000,4005485,785040,3731
colorshift,528,12098,1864756,2419600,2298291,1761797,42
swarm,5242,165726,1724084,33145200,9266002,510009,6902
spotlights,832,21867,431473,4373400,1425477,314008,646
matrix,2315,81474,239422,16294800,5254198,111822,15064
overflow,313,559,105010,111800,106710,60800,320
